<?xml version="1.0"?>
<doc>
    <assembly>
        <name>MsmqWorkerAvailabilityManager</name>
    </assembly>
    <members>
        <member name="T:MsmqWorkerAvailabilityManager.MsmqWorkerAvailabilityManager">
            <summary>
            An implementation of <see cref="T:NServiceBus.Unicast.Distributor.IWorkerAvailabilityManager"/> for MSMQ to be used
            with the <see cref="T:NServiceBus.Unicast.Distributor.Distributor"/> class.
            </summary>
        </member>
        <member name="M:MsmqWorkerAvailabilityManager.MsmqWorkerAvailabilityManager.ClearAvailabilityForWorker(System.String)">
            <summary>
            Removes all entries from the worker availability queue
            with the specified address.
            </summary>
            <param name="address">
            The address of the worker to remove from the availability list.
            </param>
        </member>
        <member name="M:MsmqWorkerAvailabilityManager.MsmqWorkerAvailabilityManager.PopAvailableWorker">
            <summary>
            Pops the next available worker from the available worker queue
            and returns its address.
            </summary>
            <returns>The address of the next available worker.</returns>
        </member>
        <member name="M:MsmqWorkerAvailabilityManager.MsmqWorkerAvailabilityManager.WorkerAvailable(System.String)">
            <summary>
            Signal that a worker is available to receive a dispatched message.
            </summary>
            <param name="address">
            The address of the worker that will accept the dispatched message.
            </param>
        </member>
        <member name="P:MsmqWorkerAvailabilityManager.MsmqWorkerAvailabilityManager.StorageQueue">
            <summary>
            Sets the path to the queue that will be used for storing
            worker availability.
            </summary>
            <remarks>The queue provided must be transactional.</remarks>
        </member>
    </members>
</doc>
