<?xml version="1.0"?>
<doc>
    <assembly>
        <name>NServiceBus.Unicast.Distributor</name>
    </assembly>
    <members>
        <member name="T:NServiceBus.Unicast.Distributor.Distributor">
            <summary>
            Provides functionality for distributing messages from a bus
            to multiple workers when using a unicast transport.
            </summary>
        </member>
        <member name="M:NServiceBus.Unicast.Distributor.Distributor.Start">
            <summary>
            Starts the Distributor.
            </summary>
        </member>
        <member name="M:NServiceBus.Unicast.Distributor.Distributor.Stop">
            <summary>
            Stops the Distributor.
            </summary>
        </member>
        <member name="M:NServiceBus.Unicast.Distributor.Distributor.messageBusTransport_TransportMessageReceived(System.Object,NServiceBus.Unicast.Transport.TransportMessageReceivedEventArgs)">
            <summary>
            Handles reciept of a message on the bus to distribute for.
            </summary>
            <param name="sender"></param>
            <param name="e"></param>
            <remarks>
            This method checks whether a worker is available to handle the message and
            forwards it if one is found.
            </remarks>
        </member>
        <member name="M:NServiceBus.Unicast.Distributor.Distributor.Rollback">
            <summary>
            Rolls back the message that arrived on the MessageBusTransport.
            </summary>
        </member>
        <member name="P:NServiceBus.Unicast.Distributor.Distributor.ControlBus">
            <summary>
            Sets the bus that will be used
            for transporting control information.
            </summary>
        </member>
        <member name="P:NServiceBus.Unicast.Distributor.Distributor.MessageBusTransport">
            <summary>
            Sets the transport that will be used
            to access the bus containing messages to distribute.
            </summary>
        </member>
        <member name="P:NServiceBus.Unicast.Distributor.Distributor.WorkerManager">
            <summary>
            Sets the <see cref="T:NServiceBus.Unicast.Distributor.IWorkerAvailabilityManager"/> implementation that will be
            used to determine whether or not a worker is available.
            </summary>
        </member>
        <member name="P:NServiceBus.Unicast.Distributor.Distributor.MillisToWaitIfCannotDispatchToWorker">
            <summary>
            Milliseconds to sleep if no workers are available.
            Prevents needless CPU churn.
            </summary>
        </member>
        <member name="T:NServiceBus.Unicast.Distributor.IWorkerAvailabilityManager">
            <summary>
            Defines a manager class that determines the availability
            of a worker for the <see cref="T:NServiceBus.Unicast.Distributor.Distributor"/>.
            </summary>
        </member>
        <member name="M:NServiceBus.Unicast.Distributor.IWorkerAvailabilityManager.WorkerAvailable(System.String)">
            <summary>
            Signal that a worker is available to receive a dispatched message.
            </summary>
            <param name="address">
            The address of the worker that will accept the dispatched message.
            </param>
        </member>
        <member name="M:NServiceBus.Unicast.Distributor.IWorkerAvailabilityManager.PopAvailableWorker">
            <summary>
            Pops the next available worker from the available worker list
            and returns its address.
            </summary>
            <returns>The address of the next available worker.</returns>
        </member>
        <member name="M:NServiceBus.Unicast.Distributor.IWorkerAvailabilityManager.ClearAvailabilityForWorker(System.String)">
            <summary>
            Removes all entries from the worker availability list
            with the specified address.
            </summary>
            <param name="address">
            The address of the worker to remove from the availability list.
            </param>
        </member>
        <member name="T:NServiceBus.Unicast.Distributor.ReadyMessageHandler">
            <summary>
            Handles <see cref="T:NServiceBus.Messages.ReadyMessage"/> and updates the worker availability manager.
            </summary>
        </member>
        <member name="M:NServiceBus.Unicast.Distributor.ReadyMessageHandler.Handle(NServiceBus.Messages.ReadyMessage)">
            <summary>
            Handles the message.
            </summary>
            <param name="message"></param>
        </member>
        <member name="P:NServiceBus.Unicast.Distributor.ReadyMessageHandler.Bus">
            <summary>
            Used to get the address of the endpoint that sent the message
            </summary>
        </member>
        <member name="P:NServiceBus.Unicast.Distributor.ReadyMessageHandler.WorkerManager">
            <summary>
            Updated based on the message state.
            </summary>
        </member>
    </members>
</doc>
