<?xml version="1.0"?>
<doc>
    <assembly>
        <name>NServiceBus.Unicast.Distributor.Runner</name>
    </assembly>
    <members>
        <member name="T:NServiceBus.Unicast.Distributor.Runner.Initalizer">
            <summary>
            Initializes the distributor's elements.
            </summary>
        </member>
        <member name="M:NServiceBus.Unicast.Distributor.Runner.Initalizer.Init(System.Func{NServiceBus.Configure,NServiceBus.Configure})">
            <summary>
            Assumes that an <see cref="T:NServiceBus.Serialization.IMessageSerializer"/> was already configured in the given builder.
            </summary>
            <returns></returns>
        </member>
        <member name="T:NServiceBus.Unicast.Distributor.Runner.Program">
            <summary>
            Application for creating and executing a <see cref="T:NServiceBus.Unicast.Distributor.Distributor"/>.
            </summary>
        </member>
    </members>
</doc>
